<?xml version="1.0" encoding="UTF-8"?>
<project-private xmlns="http://www.netbeans.org/ns/project-private/1">
    <editor-bookmarks xmlns="http://www.netbeans.org/ns/editor-bookmarks/2" lastBookmarkId="0"/>
    <open-files xmlns="http://www.netbeans.org/ns/projectui-open-files/2">
        <group name="Java2">
            <file>file:/C:/Users/alima/OneDrive/Documents/Java%20projects/Opdracht-JPA/src/db/Inschrijving.java</file>
            <file>file:/C:/Users/alima/OneDrive/Documents/Java%20projects/Opdracht-JPA/src/db/Planning.java</file>
            <file>file:/C:/Users/alima/OneDrive/Documents/Java%20projects/Opdracht-JPA/src/db/Cursus.java</file>
            <file>file:/C:/Users/alima/OneDrive/Documents/Java%20projects/Opdracht-JPA/src/UI/SchoolAdministratie.java</file>
            <file>file:/C:/Users/alima/OneDrive/Documents/Java%20projects/Opdracht-JPA/src/db/Student.java</file>
            <file>file:/C:/Users/alima/OneDrive/Documents/Java%20projects/Opdracht-JPA/src/UI/SchoolAdministratieV2.java</file>
        </group>
    </open-files>
</project-private>
